System,Zones,Avg_R2,Avg_RMSE
L,"[1, 7]",0.8095660938462593,1.0541972602201146
M,"[2, 3, 8, 9]",0.86471902111045,1.0577512359142631
R,"[4, 5, 10, 11]",0.7844770756024899,1.4440123605368478
